DeliveryID,OrderID,DriverID,AddressID,TrackerStatus,DispatchTime,DeliveredTime,EstimatedDeliveryTime
1,11,1,1,Delivered,2026-09-04 19:15:00,2026-09-04 19:35:00,2026-09-04 19:40:00
2,12,2,2,Delivered,2026-09-04 19:20:00,2026-09-04 19:45:00,2026-09-04 19:50:00
3,13,3,3,On the way,2026-09-04 19:30:00,,2026-09-04 19:55:00
4,14,4,4,Delivered,2026-09-04 19:25:00,2026-09-04 19:50:00,2026-09-04 19:55:00
5,15,5,5,Delivered,2026-09-04 19:35:00,2026-09-04 20:00:00,2026-09-04 20:05:00
6,16,6,6,Delivered,2026-09-04 19:40:00,2026-09-04 20:10:00,2026-09-04 20:15:00
7,17,7,7,Delivered,2026-09-04 19:45:00,2026-09-04 20:15:00,2026-09-04 20:20:00
8,18,8,8,On the way,2026-09-04 19:55:00,,2026-09-04 20:20:00
9,19,9,9,Delivered,2026-09-04 19:50:00,2026-09-04 20:25:00,2026-09-04 20:30:00
10,20,10,10,Delivered,2026-09-04 20:00:00,2026-09-04 20:30:00,2026-09-04 20:35:00
