PaymentID,OrderID,PaymentMethod,PaymentAmount,PaymentStatus,PaymentDateTime,VoucherCode,PriorityFee
1,1,Card,12,Paid,2026-09-04 18:06:00,,0
2,2,Cash,28,Paid,2026-09-04 18:11:00,,0
3,3,Card,18.5,Paid,2026-09-04 18:16:00,DISC10,0
4,4,Card,21,Paid,2026-09-04 18:21:00,,0
5,5,Card,30,Paid,2026-09-04 18:26:00,,0
6,6,Card,15,Paid,2026-09-04 18:31:00,,0
7,7,Card,9,Paid,2026-09-04 18:36:00,,0
8,8,Card,5.5,Paid,2026-09-04 18:41:00,,0
9,9,Card,4.95,Paid,2026-09-04 18:46:00,,0
10,10,Card,4,Paid,2026-09-04 18:51:00,,0
11,11,Card,12,Paid,2026-09-04 19:01:00,,0
12,12,Card,14,Paid,2026-09-04 19:06:00,,0
13,13,Card,18.5,Paid,2026-09-04 19:11:00,,0
14,14,Card,21,Paid,2026-09-04 19:16:00,,0
15,15,Card,20,Paid,2026-09-04 19:21:00,,0
16,16,Card,15,Paid,2026-09-04 19:26:00,,0
17,17,Card,4.5,Paid,2026-09-04 19:31:00,,0
18,18,Card,11,Paid,2026-09-04 19:36:00,,0
19,19,Card,4.95,Paid,2026-09-04 19:41:00,,0
20,20,Card,1,Paid,2026-09-04 19:46:00,,0
