StoreID,StoreName,StreetAddress,Suburb,State,Postcode,Phone
1,Dominos Darwin City,10 Knuckey St,Darwin,NT,0800,0889000001
2,Dominos Casuarina,Casuarina Square,Casuarina,NT,0810,0889000002
3,Dominos Palmerston,Oasis Shopping Village,Palmerston,NT,0830,0889000003
4,Dominos Nightcliff,Progress Dr,Nightcliff,NT,0810,0889000004
5,Dominos Karama,Karama Shopping Plaza,Karama,NT,0812,0889000005
6,Dominos Winnellie,Stuart Hwy,Winnellie,NT,0820,0889000006
7,Dominos Coolalinga,Coolalinga Central,Coolalinga,NT,0839,0889000007
8,Dominos Parap,Parap Village,Parap,NT,0820,0889000008
9,Dominos Stuart Park,Westralia St,Stuart Park,NT,0820,0889000009
10,Dominos Berrimah,Berrimah Rd,Berrimah,NT,0828,0889000010
